{"cameraMode":{"drawMode":0,"name":"Shaded","section":"Shading Mode"},"sceneLighting":true,"audioPlay":false,"sceneViewState":{"showFog":true,"showMaterialUpdate":false,"showSkybox":true,"showFlares":true,"showImageEffects":true,"showParticleSystems":true},"in2DMode":false,"pivot":{"x":-0.0407981276512146,"y":0.5172686576843262,"z":4.038856506347656},"rotation":{"x":0.19060899317264558,"y":-0.441985160112381,"z":0.09670297056436539,"w":0.8711864948272705},"size":23.127962112426759,"orthographic":true}