{"cameraMode":{"drawMode":0,"name":"Shaded","section":"Shading Mode"},"sceneLighting":true,"audioPlay":false,"sceneViewState":{"showFog":true,"showMaterialUpdate":false,"showSkybox":true,"showFlares":true,"showImageEffects":true,"showParticleSystems":true},"in2DMode":false,"pivot":{"x":-0.31332504749298098,"y":0.35698091983795168,"z":2.9809794425964357},"rotation":{"x":0.1452103853225708,"y":-0.16831015050411225,"z":0.025075839832425119,"w":0.9746573567390442},"size":19.356969833374025,"orthographic":true}