{"cameraMode":{"drawMode":0,"name":"Shaded","section":"Shading Mode"},"sceneLighting":true,"audioPlay":false,"sceneViewState":{"showFog":true,"showMaterialUpdate":false,"showSkybox":true,"showFlares":true,"showImageEffects":true,"showParticleSystems":true},"in2DMode":false,"pivot":{"x":0.20797348022460938,"y":-0.07999999821186066,"z":-0.1221160888671875},"rotation":{"x":0.10372833162546158,"y":-0.27034568786621096,"z":0.029311321675777437,"w":0.9567102789878845},"size":8.31763744354248,"orthographic":true}