{"cameraMode":{"drawMode":0,"name":"Shaded","section":"Shading Mode"},"sceneLighting":false,"audioPlay":false,"sceneViewState":{"showFog":true,"showMaterialUpdate":false,"showSkybox":true,"showFlares":true,"showImageEffects":true,"showParticleSystems":true},"in2DMode":false,"pivot":{"x":5.960464477539063e-8,"y":0.8895276188850403,"z":-0.06334143877029419},"rotation":{"x":0.10372833162546158,"y":-0.27034568786621096,"z":0.029311321675777437,"w":0.9567102789878845},"size":5.355620384216309,"orthographic":true}