{"cameraMode":{"drawMode":0,"name":"Shaded","section":"Shading Mode"},"sceneLighting":false,"audioPlay":false,"sceneViewState":{"showFog":true,"showMaterialUpdate":false,"showSkybox":true,"showFlares":true,"showImageEffects":true,"showParticleSystems":true},"in2DMode":false,"pivot":{"x":-1.9900000095367432,"y":0.5,"z":-5.090000152587891},"rotation":{"x":0.10372833162546158,"y":-0.27034568786621096,"z":0.029311321675777437,"w":0.9567102789878845},"size":3.377981185913086,"orthographic":true}